{
    "accuracy": 0.8333333333333334,
    "precision": 0.9117647058823529,
    "recall": 0.625,
    "F1-score": 0.6516129032258065
}
