{
    "accuracy": 0.7777777777777778,
    "precision": 0.8888888888888888,
    "recall": 0.5,
    "F1-score": 0.43750000000000006
}
