{
    "calibration": [
        {
            "prob_true": 0.0,
            "prob_pred": 0.05466832165904253
        },
        {
            "prob_true": 0.3333333333333333,
            "prob_pred": 0.27660251812770525
        },
        {
            "prob_true": 0.0,
            "prob_pred": 0.4343402611610828
        },
        {
            "prob_true": 1.0,
            "prob_pred": 0.6923696781408695
        }
    ]
}
